{"cameraMode":{"drawMode":0,"name":"Shaded","section":"Shading Mode"},"sceneLighting":true,"audioPlay":false,"sceneViewState":{"showFog":true,"showMaterialUpdate":false,"showSkybox":true,"showFlares":true,"showImageEffects":true,"showParticleSystems":true},"in2DMode":false,"pivot":{"x":1.8006742000579835,"y":-0.8320193290710449,"z":-15.597821235656739},"rotation":{"x":0.00593149708583951,"y":0.991870641708374,"z":-0.11689359694719315,"w":0.05030232295393944},"size":12.97260570526123,"orthographic":false}