{"cameraMode":{"drawMode":0,"name":"Shaded","section":"Shading Mode"},"sceneLighting":true,"audioPlay":false,"sceneViewState":{"showFog":true,"showMaterialUpdate":false,"showSkybox":true,"showFlares":true,"showImageEffects":true,"showParticleSystems":true},"in2DMode":false,"pivot":{"x":3.0012292861938478,"y":-0.03444409370422363,"z":8.684511184692383},"rotation":{"x":0.21347098052501679,"y":0.18137474358081819,"z":-0.040372755378484729,"w":0.9591234922409058},"size":9.751073837280274,"orthographic":false}