{"cameraMode":{"drawMode":0,"name":"Shaded","section":"Shading Mode"},"sceneLighting":false,"audioPlay":false,"sceneViewState":{"showFog":true,"showMaterialUpdate":false,"showSkybox":false,"showFlares":true,"showImageEffects":true,"showParticleSystems":true},"in2DMode":false,"pivot":{"x":0.2467045783996582,"y":0.0036629140377044679,"z":-0.023438453674316407},"rotation":{"x":0.0011490914039313794,"y":-0.9983828067779541,"z":0.052463192492723468,"w":0.0218664538115263},"size":4.514476776123047,"orthographic":false}